Filename 1,Filename 2,Max SSIM,Max nccorr,Max SSIM angle,Max nccorr angle,ROI 1 x,ROI 1 y,ROI 2 x,ROI 2 y
bat_125781_frame0034.jpg,insect_126247_frame0089.jpg,0.970088987,0.97919714,140,248,513,367,572,335
bat_125781_frame0034.jpg,insect_137691_frame0090.jpg,0.96798466,0.98709923,100,96,513,367,399,163
bat_125781_frame0034.jpg,insect_137739_frame0035.jpg,0.927949762,0.9815902,116,108,513,367,608,243
bat_125986_frame0110.jpg,insect_126247_frame0089.jpg,0.95447559,0.98427033,300,4,543,57,572,335
bat_125986_frame0110.jpg,insect_137691_frame0090.jpg,0.946953109,0.98749274,76,268,543,57,399,163
bat_125986_frame0110.jpg,insect_137739_frame0035.jpg,0.9118645,0.97898585,280,284,543,57,608,243
bat_136000_frame0211.jpg,insect_126247_frame0089.jpg,0.986714371,0.98313934,236,188,87,321,572,335
bat_136000_frame0211.jpg,insect_137691_frame0090.jpg,0.981262779,0.9868233,192,44,87,321,399,163
bat_136000_frame0211.jpg,insect_137739_frame0035.jpg,0.934330783,0.98245823,220,244,87,321,608,243